{"cameraMode":{"drawMode":0,"name":"Shaded","section":"Shading Mode"},"sceneLighting":true,"audioPlay":false,"sceneViewState":{"showFog":true,"showMaterialUpdate":false,"showSkybox":true,"showFlares":true,"showImageEffects":true,"showParticleSystems":true},"in2DMode":false,"pivot":{"x":13.40948486328125,"y":105.00004577636719,"z":630.2762451171875},"rotation":{"x":-0.17490704357624055,"y":0.0005880928947590292,"z":-0.00010568714060354978,"w":-0.9845920205116272},"size":1290.176025390625,"orthographic":false}